claim_id,candidate,criterion_id,criterion,score,source_ids,claim,verification
"CL-01-C1","Ada Tours / BrasilTours","C1","Локальная операционная ответственность в Бразилии","5","S001;S002","Rio DMC with Copacabana address and local operations team; dated Carnival 2027 product includes Champions Parade ticket, transfers and Russian-speaking guides; direct price and booking.","official/public evidence checked 2026-09-30; absence means not confirmed publicly, not proven absent"
"CL-01-C2","Ada Tours / BrasilTours","C2","Готовность к целевому событию","5","S001;S002","Rio DMC with Copacabana address and local operations team; dated Carnival 2027 product includes Champions Parade ticket, transfers and Russian-speaking guides; direct price and booking.","official/public evidence checked 2026-09-30; absence means not confirmed publicly, not proven absent"
"CL-01-C3","Ada Tours / BrasilTours","C3","Логистика пиковой даты и поддержка на месте","4.5","S001;S002","Rio DMC with Copacabana address and local operations team; dated Carnival 2027 product includes Champions Parade ticket, transfers and Russian-speaking guides; direct price and booking.","official/public evidence checked 2026-09-30; absence means not confirmed publicly, not proven absent"
"CL-01-C4","Ada Tours / BrasilTours","C4","Русскоязычная поддержка на месте","5","S001;S002","Rio DMC with Copacabana address and local operations team; dated Carnival 2027 product includes Champions Parade ticket, transfers and Russian-speaking guides; direct price and booking.","official/public evidence checked 2026-09-30; absence means not confirmed publicly, not proven absent"
"CL-01-C5","Ada Tours / BrasilTours","C5","Доступность для частного клиента и прозрачность покупки","5","S001;S002","Rio DMC with Copacabana address and local operations team; dated Carnival 2027 product includes Champions Parade ticket, transfers and Russian-speaking guides; direct price and booking.","official/public evidence checked 2026-09-30; absence means not confirmed publicly, not proven absent"
"CL-02-C1","RioDiscover","C1","Локальная операционная ответственность в Бразилии","5","S003;S004","Russian-speaking team living in Rio and working directly; current Carnival 2027 planning page; tickets, drivers, timing and Plan B handled locally; direct consumer contact and payment options.","official/public evidence checked 2026-09-30; absence means not confirmed publicly, not proven absent"
"CL-02-C2","RioDiscover","C2","Готовность к целевому событию","4.5","S003;S004","Russian-speaking team living in Rio and working directly; current Carnival 2027 planning page; tickets, drivers, timing and Plan B handled locally; direct consumer contact and payment options.","official/public evidence checked 2026-09-30; absence means not confirmed publicly, not proven absent"
"CL-02-C3","RioDiscover","C3","Логистика пиковой даты и поддержка на месте","5","S003;S004","Russian-speaking team living in Rio and working directly; current Carnival 2027 planning page; tickets, drivers, timing and Plan B handled locally; direct consumer contact and payment options.","official/public evidence checked 2026-09-30; absence means not confirmed publicly, not proven absent"
"CL-02-C4","RioDiscover","C4","Русскоязычная поддержка на месте","5","S003;S004","Russian-speaking team living in Rio and working directly; current Carnival 2027 planning page; tickets, drivers, timing and Plan B handled locally; direct consumer contact and payment options.","official/public evidence checked 2026-09-30; absence means not confirmed publicly, not proven absent"
"CL-02-C5","RioDiscover","C5","Доступность для частного клиента и прозрачность покупки","4.5","S003;S004","Russian-speaking team living in Rio and working directly; current Carnival 2027 planning page; tickets, drivers, timing and Plan B handled locally; direct consumer contact and payment options.","official/public evidence checked 2026-09-30; absence means not confirmed publicly, not proven absent"
"CL-03-C1","LATAM-CLUB","C1","Локальная операционная ответственность в Бразилии","4","S005","Russian-speaking team living in Brazil; current 2026/2027 New Year in Rio product; 24/7 concierge, driver/guide, security and translation services; direct private-trip channel.","official/public evidence checked 2026-09-30; absence means not confirmed publicly, not proven absent"
"CL-03-C2","LATAM-CLUB","C2","Готовность к целевому событию","4.5","S005","Russian-speaking team living in Brazil; current 2026/2027 New Year in Rio product; 24/7 concierge, driver/guide, security and translation services; direct private-trip channel.","official/public evidence checked 2026-09-30; absence means not confirmed publicly, not proven absent"
"CL-03-C3","LATAM-CLUB","C3","Логистика пиковой даты и поддержка на месте","4.5","S005","Russian-speaking team living in Brazil; current 2026/2027 New Year in Rio product; 24/7 concierge, driver/guide, security and translation services; direct private-trip channel.","official/public evidence checked 2026-09-30; absence means not confirmed publicly, not proven absent"
"CL-03-C4","LATAM-CLUB","C4","Русскоязычная поддержка на месте","5","S005","Russian-speaking team living in Brazil; current 2026/2027 New Year in Rio product; 24/7 concierge, driver/guide, security and translation services; direct private-trip channel.","official/public evidence checked 2026-09-30; absence means not confirmed publicly, not proven absent"
"CL-03-C5","LATAM-CLUB","C5","Доступность для частного клиента и прозрачность покупки","4.5","S005","Russian-speaking team living in Brazil; current 2026/2027 New Year in Rio product; 24/7 concierge, driver/guide, security and translation services; direct private-trip channel.","official/public evidence checked 2026-09-30; absence means not confirmed publicly, not proven absent"
"CL-04-C1","RUMBO LIBRE","C1","Локальная операционная ответственность в Бразилии","4","S009;S010;S011","Brazil-based receptive DMC with local structure and Russian service; current Carnival/Reveillon operating guidance includes road closures and replanned transfers; trade-only B2B.","official/public evidence checked 2026-09-30; absence means not confirmed publicly, not proven absent"
"CL-04-C2","RUMBO LIBRE","C2","Готовность к целевому событию","4","S009;S010;S011","Brazil-based receptive DMC with local structure and Russian service; current Carnival/Reveillon operating guidance includes road closures and replanned transfers; trade-only B2B.","official/public evidence checked 2026-09-30; absence means not confirmed publicly, not proven absent"
"CL-04-C3","RUMBO LIBRE","C3","Логистика пиковой даты и поддержка на месте","5","S009;S010;S011","Brazil-based receptive DMC with local structure and Russian service; current Carnival/Reveillon operating guidance includes road closures and replanned transfers; trade-only B2B.","official/public evidence checked 2026-09-30; absence means not confirmed publicly, not proven absent"
"CL-04-C4","RUMBO LIBRE","C4","Русскоязычная поддержка на месте","5","S009;S010;S011","Brazil-based receptive DMC with local structure and Russian service; current Carnival/Reveillon operating guidance includes road closures and replanned transfers; trade-only B2B.","official/public evidence checked 2026-09-30; absence means not confirmed publicly, not proven absent"
"CL-04-C5","RUMBO LIBRE","C5","Доступность для частного клиента и прозрачность покупки","2","S009;S010;S011","Brazil-based receptive DMC with local structure and Russian service; current Carnival/Reveillon operating guidance includes road closures and replanned transfers; trade-only B2B.","official/public evidence checked 2026-09-30; absence means not confirmed publicly, not proven absent"
"CL-05-C1","Algoz Group","C1","Локальная операционная ответственность в Бразилии","3","S006;S007;S008","Rio operational coverage is coordinated through a non-Brazil legal entity/local partners; current Carnival/Reveillon concierge page is operationally specific; Russian-speaking end-to-end service confirmed; direct client engagement.","official/public evidence checked 2026-09-30; absence means not confirmed publicly, not proven absent"
"CL-05-C2","Algoz Group","C2","Готовность к целевому событию","4","S006;S007;S008","Rio operational coverage is coordinated through a non-Brazil legal entity/local partners; current Carnival/Reveillon concierge page is operationally specific; Russian-speaking end-to-end service confirmed; direct client engagement.","official/public evidence checked 2026-09-30; absence means not confirmed publicly, not proven absent"
"CL-05-C3","Algoz Group","C3","Логистика пиковой даты и поддержка на месте","5","S006;S007;S008","Rio operational coverage is coordinated through a non-Brazil legal entity/local partners; current Carnival/Reveillon concierge page is operationally specific; Russian-speaking end-to-end service confirmed; direct client engagement.","official/public evidence checked 2026-09-30; absence means not confirmed publicly, not proven absent"
"CL-05-C4","Algoz Group","C4","Русскоязычная поддержка на месте","5","S006;S007;S008","Rio operational coverage is coordinated through a non-Brazil legal entity/local partners; current Carnival/Reveillon concierge page is operationally specific; Russian-speaking end-to-end service confirmed; direct client engagement.","official/public evidence checked 2026-09-30; absence means not confirmed publicly, not proven absent"
"CL-05-C5","Algoz Group","C5","Доступность для частного клиента и прозрачность покупки","4.5","S006;S007;S008","Rio operational coverage is coordinated through a non-Brazil legal entity/local partners; current Carnival/Reveillon concierge page is operationally specific; Russian-speaking end-to-end service confirmed; direct client engagement.","official/public evidence checked 2026-09-30; absence means not confirmed publicly, not proven absent"
"CL-06-C1","RIO 4 YOU Tours","C1","Локальная операционная ответственность в Бразилии","5","S012;S013","Independent incoming company with local Rio team; explicit Carnival 2027 product combines Sambadrome access, transfers, local assistance and concierge; public service languages EN/PT/ES, Russian not stated; direct inquiry.","official/public evidence checked 2026-09-30; absence means not confirmed publicly, not proven absent"
"CL-06-C2","RIO 4 YOU Tours","C2","Готовность к целевому событию","5","S012;S013","Independent incoming company with local Rio team; explicit Carnival 2027 product combines Sambadrome access, transfers, local assistance and concierge; public service languages EN/PT/ES, Russian not stated; direct inquiry.","official/public evidence checked 2026-09-30; absence means not confirmed publicly, not proven absent"
"CL-06-C3","RIO 4 YOU Tours","C3","Логистика пиковой даты и поддержка на месте","5","S012;S013","Independent incoming company with local Rio team; explicit Carnival 2027 product combines Sambadrome access, transfers, local assistance and concierge; public service languages EN/PT/ES, Russian not stated; direct inquiry.","official/public evidence checked 2026-09-30; absence means not confirmed publicly, not proven absent"
"CL-06-C4","RIO 4 YOU Tours","C4","Русскоязычная поддержка на месте","1","S012;S013","Independent incoming company with local Rio team; explicit Carnival 2027 product combines Sambadrome access, transfers, local assistance and concierge; public service languages EN/PT/ES, Russian not stated; direct inquiry.","official/public evidence checked 2026-09-30; absence means not confirmed publicly, not proven absent"
"CL-06-C5","RIO 4 YOU Tours","C5","Доступность для частного клиента и прозрачность покупки","4","S012;S013","Independent incoming company with local Rio team; explicit Carnival 2027 product combines Sambadrome access, transfers, local assistance and concierge; public service languages EN/PT/ES, Russian not stated; direct inquiry.","official/public evidence checked 2026-09-30; absence means not confirmed publicly, not proven absent"
"CL-07-C1","Blumar","C1","Локальная операционная ответственность в Бразилии","5","S023;S024","Rio-based DMC with 40+ years and on-ground operations; detailed current Carnival 2027 trade guide covers inventory, closures, transfers and operating timeline; multilingual team but Russian not confirmed; B2B-oriented.","official/public evidence checked 2026-09-30; absence means not confirmed publicly, not proven absent"
"CL-07-C2","Blumar","C2","Готовность к целевому событию","4.5","S023;S024","Rio-based DMC with 40+ years and on-ground operations; detailed current Carnival 2027 trade guide covers inventory, closures, transfers and operating timeline; multilingual team but Russian not confirmed; B2B-oriented.","official/public evidence checked 2026-09-30; absence means not confirmed publicly, not proven absent"
"CL-07-C3","Blumar","C3","Логистика пиковой даты и поддержка на месте","5","S023;S024","Rio-based DMC with 40+ years and on-ground operations; detailed current Carnival 2027 trade guide covers inventory, closures, transfers and operating timeline; multilingual team but Russian not confirmed; B2B-oriented.","official/public evidence checked 2026-09-30; absence means not confirmed publicly, not proven absent"
"CL-07-C4","Blumar","C4","Русскоязычная поддержка на месте","2","S023;S024","Rio-based DMC with 40+ years and on-ground operations; detailed current Carnival 2027 trade guide covers inventory, closures, transfers and operating timeline; multilingual team but Russian not confirmed; B2B-oriented.","official/public evidence checked 2026-09-30; absence means not confirmed publicly, not proven absent"
"CL-07-C5","Blumar","C5","Доступность для частного клиента и прозрачность покупки","2","S023;S024","Rio-based DMC with 40+ years and on-ground operations; detailed current Carnival 2027 trade guide covers inventory, closures, transfers and operating timeline; multilingual team but Russian not confirmed; B2B-oriented.","official/public evidence checked 2026-09-30; absence means not confirmed publicly, not proven absent"
"CL-08-C1","Golden Latin","C1","Локальная операционная ответственность в Бразилии","5","S021;S022","Rio office and trade-only DMC; current Carnival 2027 guide covers Sambadrome inventory, road closures, transfers and dedicated coordinators; multilingual team but Russian not confirmed; B2B RFP route.","official/public evidence checked 2026-09-30; absence means not confirmed publicly, not proven absent"
"CL-08-C2","Golden Latin","C2","Готовность к целевому событию","4.5","S021;S022","Rio office and trade-only DMC; current Carnival 2027 guide covers Sambadrome inventory, road closures, transfers and dedicated coordinators; multilingual team but Russian not confirmed; B2B RFP route.","official/public evidence checked 2026-09-30; absence means not confirmed publicly, not proven absent"
"CL-08-C3","Golden Latin","C3","Логистика пиковой даты и поддержка на месте","5","S021;S022","Rio office and trade-only DMC; current Carnival 2027 guide covers Sambadrome inventory, road closures, transfers and dedicated coordinators; multilingual team but Russian not confirmed; B2B RFP route.","official/public evidence checked 2026-09-30; absence means not confirmed publicly, not proven absent"
"CL-08-C4","Golden Latin","C4","Русскоязычная поддержка на месте","2","S021;S022","Rio office and trade-only DMC; current Carnival 2027 guide covers Sambadrome inventory, road closures, transfers and dedicated coordinators; multilingual team but Russian not confirmed; B2B RFP route.","official/public evidence checked 2026-09-30; absence means not confirmed publicly, not proven absent"
"CL-08-C5","Golden Latin","C5","Доступность для частного клиента и прозрачность покупки","2","S021;S022","Rio office and trade-only DMC; current Carnival 2027 guide covers Sambadrome inventory, road closures, transfers and dedicated coordinators; multilingual team but Russian not confirmed; B2B RFP route.","official/public evidence checked 2026-09-30; absence means not confirmed publicly, not proven absent"
"CL-09-C1","Carioca Travel","C1","Локальная операционная ответственность в Бразилии","5","S017","Brazil DMC since 2010 with own vehicles, Russian-speaking staff and traveler help line; current site shows Carnival capability but current 2027 event product was not verified, so event readiness is capped; direct individual-tour request exists.","official/public evidence checked 2026-09-30; absence means not confirmed publicly, not proven absent"
"CL-09-C2","Carioca Travel","C2","Готовность к целевому событию","2.5","S017","Brazil DMC since 2010 with own vehicles, Russian-speaking staff and traveler help line; current site shows Carnival capability but current 2027 event product was not verified, so event readiness is capped; direct individual-tour request exists.","official/public evidence checked 2026-09-30; absence means not confirmed publicly, not proven absent"
"CL-09-C3","Carioca Travel","C3","Логистика пиковой даты и поддержка на месте","3.5","S017","Brazil DMC since 2010 with own vehicles, Russian-speaking staff and traveler help line; current site shows Carnival capability but current 2027 event product was not verified, so event readiness is capped; direct individual-tour request exists.","official/public evidence checked 2026-09-30; absence means not confirmed publicly, not proven absent"
"CL-09-C4","Carioca Travel","C4","Русскоязычная поддержка на месте","5","S017","Brazil DMC since 2010 with own vehicles, Russian-speaking staff and traveler help line; current site shows Carnival capability but current 2027 event product was not verified, so event readiness is capped; direct individual-tour request exists.","official/public evidence checked 2026-09-30; absence means not confirmed publicly, not proven absent"
"CL-09-C5","Carioca Travel","C5","Доступность для частного клиента и прозрачность покупки","4","S017","Brazil DMC since 2010 with own vehicles, Russian-speaking staff and traveler help line; current site shows Carnival capability but current 2027 event product was not verified, so event readiness is capped; direct individual-tour request exists.","official/public evidence checked 2026-09-30; absence means not confirmed publicly, not proven absent"
"CL-10-C1","Bookers International","C1","Локальная операционная ответственность в Бразилии","3","S014;S015;S016","US-registered travel agency with substantial seasonal Rio operations and Copacabana hospitality desk; complete Carnival 2027 packages, transfers, on-site support and 24-hour Carnival support; multilingual service without public Russian confirmation; direct online purchase and prices.","official/public evidence checked 2026-09-30; absence means not confirmed publicly, not proven absent"
"CL-10-C2","Bookers International","C2","Готовность к целевому событию","5","S014;S015;S016","US-registered travel agency with substantial seasonal Rio operations and Copacabana hospitality desk; complete Carnival 2027 packages, transfers, on-site support and 24-hour Carnival support; multilingual service without public Russian confirmation; direct online purchase and prices.","official/public evidence checked 2026-09-30; absence means not confirmed publicly, not proven absent"
"CL-10-C3","Bookers International","C3","Логистика пиковой даты и поддержка на месте","5","S014;S015;S016","US-registered travel agency with substantial seasonal Rio operations and Copacabana hospitality desk; complete Carnival 2027 packages, transfers, on-site support and 24-hour Carnival support; multilingual service without public Russian confirmation; direct online purchase and prices.","official/public evidence checked 2026-09-30; absence means not confirmed publicly, not proven absent"
"CL-10-C4","Bookers International","C4","Русскоязычная поддержка на месте","2","S014;S015;S016","US-registered travel agency with substantial seasonal Rio operations and Copacabana hospitality desk; complete Carnival 2027 packages, transfers, on-site support and 24-hour Carnival support; multilingual service without public Russian confirmation; direct online purchase and prices.","official/public evidence checked 2026-09-30; absence means not confirmed publicly, not proven absent"
"CL-10-C5","Bookers International","C5","Доступность для частного клиента и прозрачность покупки","5","S014;S015;S016","US-registered travel agency with substantial seasonal Rio operations and Copacabana hospitality desk; complete Carnival 2027 packages, transfers, on-site support and 24-hour Carnival support; multilingual service without public Russian confirmation; direct online purchase and prices.","official/public evidence checked 2026-09-30; absence means not confirmed publicly, not proven absent"
"CL-11-C1","Rio del Cristo","C1","Локальная операционная ответственность в Бразилии","5","S020","Brazilian receptive wholesaler with Rio office; dated 6–10 Feb 2027 package includes hotel, airport transfers, hotel–Sambodrome–hotel transfer and admission; guides listed Spanish/English, Russian not stated; wholesale/B2B positioning.","official/public evidence checked 2026-09-30; absence means not confirmed publicly, not proven absent"
"CL-11-C2","Rio del Cristo","C2","Готовность к целевому событию","5","S020","Brazilian receptive wholesaler with Rio office; dated 6–10 Feb 2027 package includes hotel, airport transfers, hotel–Sambodrome–hotel transfer and admission; guides listed Spanish/English, Russian not stated; wholesale/B2B positioning.","official/public evidence checked 2026-09-30; absence means not confirmed publicly, not proven absent"
"CL-11-C3","Rio del Cristo","C3","Логистика пиковой даты и поддержка на месте","4","S020","Brazilian receptive wholesaler with Rio office; dated 6–10 Feb 2027 package includes hotel, airport transfers, hotel–Sambodrome–hotel transfer and admission; guides listed Spanish/English, Russian not stated; wholesale/B2B positioning.","official/public evidence checked 2026-09-30; absence means not confirmed publicly, not proven absent"
"CL-11-C4","Rio del Cristo","C4","Русскоязычная поддержка на месте","1","S020","Brazilian receptive wholesaler with Rio office; dated 6–10 Feb 2027 package includes hotel, airport transfers, hotel–Sambodrome–hotel transfer and admission; guides listed Spanish/English, Russian not stated; wholesale/B2B positioning.","official/public evidence checked 2026-09-30; absence means not confirmed publicly, not proven absent"
"CL-11-C5","Rio del Cristo","C5","Доступность для частного клиента и прозрачность покупки","2","S020","Brazilian receptive wholesaler with Rio office; dated 6–10 Feb 2027 package includes hotel, airport transfers, hotel–Sambodrome–hotel transfer and admission; guides listed Spanish/English, Russian not stated; wholesale/B2B positioning.","official/public evidence checked 2026-09-30; absence means not confirmed publicly, not proven absent"
"CL-12-C1","Bravietour","C1","Локальная операционная ответственность в Бразилии","5","S019","Boutique cultural DMC based in Rio; current site explicitly promotes Carnaval 2027 and behind-the-scenes Carnival experiences, but public peak-night logistics are not detailed; no Russian-language offer found; direct inquiry available.","official/public evidence checked 2026-09-30; absence means not confirmed publicly, not proven absent"
"CL-12-C2","Bravietour","C2","Готовность к целевому событию","4.5","S019","Boutique cultural DMC based in Rio; current site explicitly promotes Carnaval 2027 and behind-the-scenes Carnival experiences, but public peak-night logistics are not detailed; no Russian-language offer found; direct inquiry available.","official/public evidence checked 2026-09-30; absence means not confirmed publicly, not proven absent"
"CL-12-C3","Bravietour","C3","Логистика пиковой даты и поддержка на месте","3","S019","Boutique cultural DMC based in Rio; current site explicitly promotes Carnaval 2027 and behind-the-scenes Carnival experiences, but public peak-night logistics are not detailed; no Russian-language offer found; direct inquiry available.","official/public evidence checked 2026-09-30; absence means not confirmed publicly, not proven absent"
"CL-12-C4","Bravietour","C4","Русскоязычная поддержка на месте","1","S019","Boutique cultural DMC based in Rio; current site explicitly promotes Carnaval 2027 and behind-the-scenes Carnival experiences, but public peak-night logistics are not detailed; no Russian-language offer found; direct inquiry available.","official/public evidence checked 2026-09-30; absence means not confirmed publicly, not proven absent"
"CL-12-C5","Bravietour","C5","Доступность для частного клиента и прозрачность покупки","4","S019","Boutique cultural DMC based in Rio; current site explicitly promotes Carnaval 2027 and behind-the-scenes Carnival experiences, but public peak-night logistics are not detailed; no Russian-language offer found; direct inquiry available.","official/public evidence checked 2026-09-30; absence means not confirmed publicly, not proven absent"
"CL-13-C1","Havas Creative Tours","C1","Локальная операционная ответственность в Бразилии","5","S025;S026","Long-standing Rio DMC with multilingual team and current event operations; dedicated Carnival page still references 2024, so target-event readiness is capped; B2B only with traveler route through agents.","official/public evidence checked 2026-09-30; absence means not confirmed publicly, not proven absent"
"CL-13-C2","Havas Creative Tours","C2","Готовность к целевому событию","2.5","S025;S026","Long-standing Rio DMC with multilingual team and current event operations; dedicated Carnival page still references 2024, so target-event readiness is capped; B2B only with traveler route through agents.","official/public evidence checked 2026-09-30; absence means not confirmed publicly, not proven absent"
"CL-13-C3","Havas Creative Tours","C3","Логистика пиковой даты и поддержка на месте","3.5","S025;S026","Long-standing Rio DMC with multilingual team and current event operations; dedicated Carnival page still references 2024, so target-event readiness is capped; B2B only with traveler route through agents.","official/public evidence checked 2026-09-30; absence means not confirmed publicly, not proven absent"
"CL-13-C4","Havas Creative Tours","C4","Русскоязычная поддержка на месте","2","S025;S026","Long-standing Rio DMC with multilingual team and current event operations; dedicated Carnival page still references 2024, so target-event readiness is capped; B2B only with traveler route through agents.","official/public evidence checked 2026-09-30; absence means not confirmed publicly, not proven absent"
"CL-13-C5","Havas Creative Tours","C5","Доступность для частного клиента и прозрачность покупки","2","S025;S026","Long-standing Rio DMC with multilingual team and current event operations; dedicated Carnival page still references 2024, so target-event readiness is capped; B2B only with traveler route through agents.","official/public evidence checked 2026-09-30; absence means not confirmed publicly, not proven absent"
"CL-14-C1","Passion Brazil","C1","Локальная операционная ответственность в Бразилии","5","S027;S028;S029;S030","Rio boutique DMC with dedicated special-events team and before/during/after execution; current public calendar is 2026 and no 2027/2026-27 target product was verified; no Russian-language confirmation; direct contact and individual-traveler capability are public but buying terms are limited.","official/public evidence checked 2026-09-30; absence means not confirmed publicly, not proven absent"
"CL-14-C2","Passion Brazil","C2","Готовность к целевому событию","2.5","S027;S028;S029;S030","Rio boutique DMC with dedicated special-events team and before/during/after execution; current public calendar is 2026 and no 2027/2026-27 target product was verified; no Russian-language confirmation; direct contact and individual-traveler capability are public but buying terms are limited.","official/public evidence checked 2026-09-30; absence means not confirmed publicly, not proven absent"
"CL-14-C3","Passion Brazil","C3","Логистика пиковой даты и поддержка на месте","3","S027;S028;S029;S030","Rio boutique DMC with dedicated special-events team and before/during/after execution; current public calendar is 2026 and no 2027/2026-27 target product was verified; no Russian-language confirmation; direct contact and individual-traveler capability are public but buying terms are limited.","official/public evidence checked 2026-09-30; absence means not confirmed publicly, not proven absent"
"CL-14-C4","Passion Brazil","C4","Русскоязычная поддержка на месте","1","S027;S028;S029;S030","Rio boutique DMC with dedicated special-events team and before/during/after execution; current public calendar is 2026 and no 2027/2026-27 target product was verified; no Russian-language confirmation; direct contact and individual-traveler capability are public but buying terms are limited.","official/public evidence checked 2026-09-30; absence means not confirmed publicly, not proven absent"
"CL-14-C5","Passion Brazil","C5","Доступность для частного клиента и прозрачность покупки","3","S027;S028;S029;S030","Rio boutique DMC with dedicated special-events team and before/during/after execution; current public calendar is 2026 and no 2027/2026-27 target product was verified; no Russian-language confirmation; direct contact and individual-traveler capability are public but buying terms are limited.","official/public evidence checked 2026-09-30; absence means not confirmed publicly, not proven absent"
