criterion_id,score,rubric
C1,5,Офис/команда в Рио или явно локальная DMC-структура в Бразилии; собственная операционная ответственность подтверждена.
C1,4,"Бразильская DMC-структура и локальная сеть подтверждены, но прямое присутствие именно в Рио/степень собственного исполнения раскрыты слабее."
C1,3,"Локальная операционная координация в Рио подтверждена, но значимая часть исполнения идет через внешних лицензированных партнеров либо компания не является бразильской DMC."
C1,2,"Локальная роль заявлена, но доказательность ограничена."
C1,1,Только косвенная локальная связь.
C1,0,Локальная операционная структура не подтверждена.
C2,5,Есть актуальная публичная страница конкретного Карнавала-2027 или Нового года 2026/2027 с предлагаемыми услугами.
C2,4,"Есть актуальная публичная операционная страница/гайд текущего сезона по целевому событию и способность сформировать программу, но без готового датированного продукта."
C2,3,"Есть действующая общая Carnival/Reveillon-компетенция, но целевая дата не подтверждена."
C2,2,Есть только историческое/устаревшее или косвенное подтверждение.
C2,1,Общая событийная работа без подтверждения Carnival/Reveillon.
C2,0,Релевантность событию не подтверждена.
C3,5,"Явно закрываются доступ/билет, трансфер/маршрут пиковой даты, локальная помощь и планирование с учетом закрытий/сбоев; либо есть выделенная event-ops линия/desk."
C3,4,"Подтверждены несколько критичных элементов: транспорт, билеты/доступ, локальная координация и поддержка."
C3,3,"Сильная общая наземная логистика, но мало публичной специфики пиковой даты."
C3,2,Часть логистики подтверждена.
C3,1,Только общая помощь.
C3,0,Нет подтверждения.
C4,5,Русскоязычная команда/координаторы/гиды на месте подтверждены явно и доступны в операционной цепочке.
C4,4,"Русскоязычная поддержка/гиды явно доступны, но постоянная локальная команда не подтверждена."
C4,3,"Есть русская версия/русскоязычный контакт, но формат поддержки на месте неясен."
C4,2,Компания заявляет multilingual support без явного подтверждения русского.
C4,1,"Публично перечислены другие языки, русский не заявлен."
C4,0,Публичного подтверждения русского языка нет.
C5,5,Частный клиент может обратиться/купить напрямую; актуальные даты/цены/состав продукта раскрыты хорошо.
C5,4,"Прямое обращение частного клиента возможно; содержание услуг ясно, но цены/условия частично по запросу."
C5,3,"Consumer-доступ есть, но продукт/условия раскрыты ограниченно."
C5,2,"B2B-модель, но есть понятный маршрут через партнера/агента и публичная продуктовая информация."
C5,1,Строго trade-only/B2B; частному клиенту прямой путь почти отсутствует.
C5,0,"Непонятно, как получить услугу."
