rank,candidate,C1,C2,C3,C4,C5,score,sources,note
1,Ada Tours / BrasilTours,5,5,4.5,5,5,98.0,S001;S002,"Rio DMC with Copacabana address and local operations team; dated Carnival 2027 product includes Champions Parade ticket, transfers and Russian-speaking guides; direct price and booking."
2,RioDiscover,5,4.5,5,5,4.5,96.5,S003;S004,"Russian-speaking team living in Rio and working directly; current Carnival 2027 planning page; tickets, drivers, timing and Plan B handled locally; direct consumer contact and payment options."
3,LATAM-CLUB,4,4.5,4.5,5,4.5,89.5,S005,"Russian-speaking team living in Brazil; current 2026/2027 New Year in Rio product; 24/7 concierge, driver/guide, security and translation services; direct private-trip channel."
4,RUMBO LIBRE,4,4,5,5,2,84.0,S009;S010;S011,Brazil-based receptive DMC with local structure and Russian service; current Carnival/Reveillon operating guidance includes road closures and replanned transfers; trade-only B2B.
5,Algoz Group,3,4,5,5,4.5,84.0,S006;S007;S008,Rio operational coverage is coordinated through a non-Brazil legal entity/local partners; current Carnival/Reveillon concierge page is operationally specific; Russian-speaking end-to-end service confirmed; direct client engagement.
6,RIO 4 YOU Tours,5,5,5,1,4,82.0,S012;S013,"Independent incoming company with local Rio team; explicit Carnival 2027 product combines Sambadrome access, transfers, local assistance and concierge; public service languages EN/PT/ES, Russian not stated; direct inquiry."
7,Blumar,5,4.5,5,2,2,79.5,S023;S024,"Rio-based DMC with 40+ years and on-ground operations; detailed current Carnival 2027 trade guide covers inventory, closures, transfers and operating timeline; multilingual team but Russian not confirmed; B2B-oriented."
8,Golden Latin,5,4.5,5,2,2,79.5,S021;S022,"Rio office and trade-only DMC; current Carnival 2027 guide covers Sambadrome inventory, road closures, transfers and dedicated coordinators; multilingual team but Russian not confirmed; B2B RFP route."
9,Carioca Travel,5,2.5,3.5,5,4,79.5,S017,"Brazil DMC since 2010 with own vehicles, Russian-speaking staff and traveler help line; current site shows Carnival capability but current 2027 event product was not verified, so event readiness is capped; direct individual-tour request exists."
10,Bookers International,3,5,5,2,5,78.0,S014;S015;S016,"US-registered travel agency with substantial seasonal Rio operations and Copacabana hospitality desk; complete Carnival 2027 packages, transfers, on-site support and 24-hour Carnival support; multilingual service without public Russian confirmation; direct online purchase and prices."
11,Rio del Cristo,5,5,4,1,2,74.0,S020,"Brazilian receptive wholesaler with Rio office; dated 6–10 Feb 2027 package includes hotel, airport transfers, hotel–Sambodrome–hotel transfer and admission; guides listed Spanish/English, Russian not stated; wholesale/B2B positioning."
12,Bravietour,5,4.5,3,1,4,71.5,S019,"Boutique cultural DMC based in Rio; current site explicitly promotes Carnaval 2027 and behind-the-scenes Carnival experiences, but public peak-night logistics are not detailed; no Russian-language offer found; direct inquiry available."
13,Havas Creative Tours,5,2.5,3.5,2,2,63.5,S025;S026,"Long-standing Rio DMC with multilingual team and current event operations; dedicated Carnival page still references 2024, so target-event readiness is capped; B2B only with traveler route through agents."
14,Passion Brazil,5,2.5,3,1,3,59.5,S027;S028;S029;S030,Rio boutique DMC with dedicated special-events team and before/during/after execution; current public calendar is 2026 and no 2027/2026-27 target product was verified; no Russian-language confirmation; direct contact and individual-traveler capability are public but buying terms are limited.
