source_id,candidate,url,title,source_type,evidence_class,accessed_date,supports
S001,Ada Tours / BrasilTours,https://adatours.com/brazil-carnival-iguazu-beach-tour-12-days,"Brazil Carnival 2027: Rio, Iguazu & Beach - 12-Day Tour",official event/product,E1,2026-09-30,"Current Carnival 2027 product, price, direct booking, Sambadrome ticket, transfers, Russian-speaking guides."
S002,Ada Tours / BrasilTours,https://adatours.com/about-us,About Ada Tours,official company,E2,2026-09-30,"DMC status, Copacabana Rio address, Rio-based operations manager, Russian-speaking team."
S003,RioDiscover,https://riodiscover.com/blog/karnaval-v-rio-2027-kak-popast-gde-zhit-skolko-deneg-gotovit,Карнавал в Рио 2027,official target-event guide,E1,2026-09-30,Current Carnival 2027 planning/cost evidence.
S004,RioDiscover,https://riodiscover.com/pages/about-agency.html,О RioDiscover,official company,E2,2026-09-30,"Russian-speaking resident team in Rio, works directly, tickets/drivers/logistics/Plan B, direct payments."
S005,LATAM-CLUB,https://latam-club.com/,LATAM-CLUB 2026-2027,official product/company,E1,2026-09-30,"Current New Year in Rio product, Russian-speaking team living in Brazil, 24/7 security/concierge, private tours."
S006,Algoz Group,https://algozgroup.com/concierge-rio-de-janeiro,Concierge in Rio de Janeiro,official service,E2,2026-09-30,"Current Carnival/Reveillon operating model, local contact, drivers, rendezvous logic, 24/7 operations."
S007,Algoz Group,https://algozgroup.com/algoz-clients,Our Clients,official company,E2,2026-09-30,Russian-speaking clientele served end-to-end with Russian-speaking operatives/drivers/coordinators.
S008,Algoz Group,https://algozgroup.com/vip-services,VIP Services,official service,E2,2026-09-30,Russian among team languages; one operative can combine concierge/travel/chauffeur/protection.
S009,RUMBO LIBRE,https://www.rumbolibre.com.br/ru,RUMBO LIBRE,official company,E2,2026-09-30,"Brazil-based receptive DMC, local structure, Russian service, B2B-only model."
S010,RUMBO LIBRE,https://rumbolibre.com.br/en/seasons/reveillon-rio-de-janeiro,Réveillon in Rio de Janeiro,official target-event operations,E2,2026-09-30,"Current New Year operating guidance, closures and transfer replanning."
S011,RUMBO LIBRE,https://www.rumbolibre.com.br/pt/seasons,Eventos e temporadas,official season guide,E2,2026-09-30,Current Rio Carnival/Reveillon season competence.
S012,RIO 4 YOU Tours,https://rio4youtours.com.br/en/rio-carnival-2027/,Rio Carnival 2027 Experiences,official event/product,E1,2026-09-30,"Current 2027 product with Sambadrome access, round-trip transport, local assistance and complete journey."
S013,RIO 4 YOU Tours,https://rio4youtours.com.br/en/rio-carnival-vip-boxes-2027/,Rio Carnival VIP Boxes 2027,official event/product,E1,2026-09-30,"Current 2027 VIP-box operations, local support, transfers; EN/PT/ES public service languages."
S014,Bookers International,https://www.rio.com/about-us,About Bookers International 2027,official company/event,E2,2026-09-30,"20+ years, Rio operations, Brazil phone, seasonal large local Carnival team."
S015,Bookers International,https://www.rio.com/rio-carnival/buy-rio-carnival-tickets-2027,Buy Rio Carnival Tickets 2027,official event/product,E1,2026-09-30,"Current 2027 packages, prices, guided transfers, hospitality desk, Sambadrome assistance."
S016,Bookers International,https://www.rio.com/terms-and-conditions,Terms and Conditions – Carnival 2027,official event terms,E1,2026-09-30,"Integrated ticket packages, 24-hour Carnival support, Copacabana desk, return transfer rules, direct online purchase."
S017,Carioca Travel,https://www.cariocatravel.ru/,Carioca Travel,official company,E2,2026-09-30,"Brazil DMC since 2010, own fleet, Russian-speaking staff, traveler help line, individual-tour request, Carnival capability."
S019,Bravietour,https://www.bravietour.com.br/,Bravietour,official company/event,E1,2026-09-30,Rio-based cultural DMC; current Carnaval 2027 proposition and Carnival experiences; direct contact.
S020,Rio del Cristo,https://www.riodelcristo.com.br/roteiros/rio-carnival-2027-4-nights-5-days-2027/,Rio Carnival 2027 4 nights / 5 days,official event/product,E1,2026-09-30,"Dated 2027 package, hotel, airport transfer, Sambadrome transfer/admission, prices, Spanish/English guides."
S021,Golden Latin,https://goldenlatin.com/how-to-plan-rio-carnival-2027-travel-agents/,How to Plan Your Clients’ Rio Carnival 2027,official target-event guide,E1,2026-09-30,"Current 2027 guide: hotels, access, closures, transfers, ground team and dedicated coordinator."
S022,Golden Latin,https://goldenlatin.com/,Golden Latin DMC,official company,E2,2026-09-30,"Rio office, trade-only DMC, on-ground coordination, 24/7 emergency support, multilingual team."
S023,Blumar,https://www.blumar.com.br/blog/post.php/rio-carnival-2027-for-international-tour-operators-sambodromo-structure-inventory-timeline-and-what-your-clients-actually-need-to-know,Rio Carnival 2027 for International Tour Operators,official target-event guide,E1,2026-09-30,"Detailed 2027 operations: inventory, road closures, transfers and on-ground support."
S024,Blumar,https://www.blumar.com.br/,Blumar DMC & Incoming Tour Operator,official company,E2,2026-09-30,"Rio-based DMC, 40+ years, multilingual team, on-ground operation, B2B partners."
S025,Havas Creative Tours,https://havasbrazil.com.br/the-greatest-show-on-earth/,The Greatest Show on Earth,official historical event page,E4,2026-09-30,Carnival competence page still states 2024 dates; cannot prove target-season readiness above capped level.
S026,Havas Creative Tours,https://havasbrazil.com.br/contact-us/,Havas Creative Tours – Contact,official company,E2,2026-09-30,"Rio DMC since 1989, multilingual team, explicitly B2B-only."
S027,Passion Brazil,https://passionbrazil.com/calendar/,Passion Brazil Calendar,official current calendar,E2,2026-09-30,Current calendar covers 2026 Carnival/events but not 2027/2026-27 target product.
S028,Passion Brazil,https://passionbrazil.com/special-events/,Special Events,official service,E2,2026-09-30,"Dedicated event team, bespoke projects, execution before/during/after events."
S029,Passion Brazil,https://passionbrazil.com/who-we-are/,Who We Are,official company,E2,2026-09-30,"Rio-based boutique DMC since 2004; individual travelers, events and incentives."
S030,Passion Brazil,https://www.lata.travel/news/lata-members-newsletter-july-2023/,LATA Members Newsletter – July 2023,secondary historical,E3,2026-09-30,Historical secondary evidence of Passion Brazil 360° Carnival Experience; not current-season proof.
